timestamp,frame,cx,cy,x1,y1,x2,y2,confidence
2025-12-15 18:47:54,323,166,178,136,150,196,206,0.5712653398513794
2025-12-15 18:47:54,325,161,183,132,154,191,213,0.5729826092720032
2025-12-15 18:47:55,327,160,178,131,153,190,204,0.5160455703735352
2025-12-15 18:47:55,328,168,181,137,155,199,207,0.7183290719985962
2025-12-15 18:47:55,329,167,184,137,156,198,212,0.6565931439399719
2025-12-15 18:47:55,330,168,196,136,158,200,235,0.6101642847061157
2025-12-15 18:47:55,331,170,190,140,159,201,221,0.6722741723060608
2025-12-15 18:47:57,345,204,207,174,179,235,236,0.51334148645401
2025-12-15 18:47:58,352,160,202,132,178,189,227,0.5430728793144226
2025-12-15 18:47:58,352,212,188,186,171,239,205,0.5116099119186401
2025-12-15 18:47:58,353,215,186,189,171,242,202,0.5304256081581116
2025-12-15 18:47:58,355,209,183,184,169,234,198,0.5374467968940735
2025-12-15 18:47:58,356,208,185,183,168,233,202,0.5318004488945007
2025-12-15 18:47:58,357,208,185,183,168,233,202,0.5318004488945007
2025-12-15 18:47:59,361,160,203,130,174,190,233,0.5947840213775635
2025-12-15 18:47:59,362,206,201,177,168,236,235,0.6412191390991211
2025-12-15 18:47:59,363,204,200,173,166,235,235,0.639779269695282
2025-12-15 18:47:59,363,256,209,233,181,279,237,0.512326180934906
2025-12-15 18:47:59,364,204,200,174,166,235,235,0.6442103385925293
2025-12-15 18:47:59,364,256,209,233,181,279,238,0.5475928783416748
2025-12-15 18:47:59,365,204,201,175,167,234,235,0.6030047535896301
2025-12-15 18:47:59,365,256,209,233,181,279,238,0.5165306329727173
2025-12-15 18:47:59,366,205,201,176,167,234,235,0.5832105278968811
2025-12-15 18:48:01,381,178,167,147,132,210,203,0.6856988668441772
2025-12-15 18:48:01,382,182,144,149,113,216,175,0.666842520236969
2025-12-15 18:48:01,382,240,149,203,115,277,183,0.6230166554450989
2025-12-15 18:48:01,383,189,131,156,103,223,159,0.7295805811882019
2025-12-15 18:48:01,383,255,139,217,106,293,173,0.7280386090278625
2025-12-15 18:48:01,383,318,168,292,133,345,204,0.6103679537773132
2025-12-15 18:48:01,384,256,143,218,107,295,180,0.7294389009475708
2025-12-15 18:48:01,384,191,133,156,104,226,162,0.5925645232200623
2025-12-15 18:48:01,385,261,142,227,108,295,176,0.6763001680374146
2025-12-15 18:48:01,385,192,132,155,103,230,162,0.6374915242195129
2025-12-15 18:48:01,386,189,130,152,99,227,161,0.7194427847862244
2025-12-15 18:48:01,386,260,138,226,103,295,174,0.5891507863998413
2025-12-15 18:48:01,386,323,170,295,132,352,208,0.5498978495597839
2025-12-15 18:48:01,387,188,124,151,93,225,155,0.7129337191581726
2025-12-15 18:48:01,387,260,133,227,98,294,168,0.627896785736084
2025-12-15 18:48:01,387,319,164,286,126,352,203,0.5557252168655396
2025-12-15 18:48:01,387,199,239,5,92,394,387,0.5455981492996216
2025-12-15 18:48:02,388,189,119,151,89,227,150,0.7423087358474731
2025-12-15 18:48:02,388,322,159,290,121,354,198,0.6478530764579773
2025-12-15 18:48:02,388,261,130,227,93,295,167,0.6462445259094238
2025-12-15 18:48:02,388,197,249,5,90,390,409,0.6336056590080261
2025-12-15 18:48:02,388,373,238,340,195,407,282,0.5632150173187256
2025-12-15 18:48:02,389,194,118,154,87,234,149,0.7645266652107239
2025-12-15 18:48:02,389,327,156,298,119,356,193,0.7253747582435608
2025-12-15 18:48:02,389,263,116,231,91,296,141,0.7058355212211609
2025-12-15 18:48:02,389,205,231,2,84,408,379,0.6968885064125061
2025-12-15 18:48:02,389,373,235,338,191,409,279,0.5181267857551575
2025-12-15 18:48:02,390,195,114,157,85,234,143,0.7526472806930542
2025-12-15 18:48:02,390,207,231,1,88,414,375,0.6643741726875305
2025-12-15 18:48:02,390,265,113,234,90,297,137,0.6526926755905151
2025-12-15 18:48:02,390,322,155,288,117,356,194,0.5473309755325317
2025-12-15 18:48:02,391,212,227,13,79,411,375,0.7232200503349304
2025-12-15 18:48:02,391,198,113,160,84,236,143,0.7093722224235535
2025-12-15 18:48:02,391,267,112,236,88,299,136,0.6254884600639343
2025-12-15 18:48:02,391,329,152,301,116,358,189,0.6187108755111694
2025-12-15 18:48:02,391,380,229,348,185,412,273,0.5343073606491089
2025-12-15 18:48:02,392,208,115,169,84,248,147,0.7145494222640991
2025-12-15 18:48:02,392,224,226,25,84,424,369,0.6499621868133545
2025-12-15 18:48:02,392,388,228,356,185,421,271,0.6348731517791748
2025-12-15 18:48:02,392,337,153,310,116,365,190,0.6142901182174683
2025-12-15 18:48:02,392,277,113,246,88,309,139,0.5946857929229736
2025-12-15 18:48:02,393,208,115,170,86,246,145,0.7122060656547546
2025-12-15 18:48:02,393,388,230,355,187,421,273,0.6880480051040649
2025-12-15 18:48:02,393,232,227,40,86,425,369,0.6318080425262451
2025-12-15 18:48:02,393,338,154,311,118,366,191,0.6231371164321899
2025-12-15 18:48:02,393,278,122,247,90,310,154,0.5965214967727661
2025-12-15 18:48:02,394,210,229,6,88,414,371,0.7488582134246826
2025-12-15 18:48:02,394,209,115,170,86,248,145,0.6823774576187134
2025-12-15 18:48:02,394,338,154,310,118,366,191,0.6706954836845398
2025-12-15 18:48:02,394,388,230,356,187,420,273,0.6629770398139954
2025-12-15 18:48:02,394,200,178,147,138,253,219,0.5733726024627686
2025-12-15 18:48:02,394,278,116,247,91,309,142,0.5010035037994385
2025-12-15 18:48:02,395,219,228,25,90,414,366,0.7331939339637756
2025-12-15 18:48:02,395,206,116,170,85,243,148,0.6741597056388855
2025-12-15 18:48:02,395,384,226,354,185,415,267,0.604520857334137
2025-12-15 18:48:02,395,275,119,242,90,308,149,0.5702940225601196
2025-12-15 18:48:02,395,334,153,307,117,362,189,0.5100427865982056
2025-12-15 18:48:02,396,206,115,168,84,245,147,0.74241703748703
2025-12-15 18:48:02,396,215,224,23,83,407,366,0.7159091234207153
2025-12-15 18:48:02,396,383,222,354,181,412,264,0.6987459063529968
2025-12-15 18:48:02,396,273,113,243,88,304,138,0.6808809041976929
2025-12-15 18:48:02,396,332,151,305,116,360,186,0.6552103757858276
2025-12-15 18:48:02,396,195,176,142,137,249,216,0.5248417854309082
2025-12-15 18:48:02,397,208,121,170,87,246,155,0.7163776159286499
2025-12-15 18:48:02,397,329,152,299,117,359,188,0.7111546397209167
2025-12-15 18:48:02,397,209,235,42,87,376,384,0.6529895067214966
2025-12-15 18:48:02,397,274,123,245,91,304,155,0.6342963576316833
2025-12-15 18:48:02,397,381,223,352,183,411,264,0.6287990808486938
2025-12-15 18:48:03,398,210,119,172,88,248,150,0.6744502186775208
2025-12-15 18:48:03,398,212,225,37,88,388,362,0.6638550758361816
2025-12-15 18:48:03,398,276,122,246,92,306,152,0.5962027311325073
2025-12-15 18:48:03,398,333,153,307,118,359,189,0.5670358538627625
2025-12-15 18:48:03,398,381,224,352,184,410,264,0.5579518675804138
2025-12-15 18:48:03,399,210,221,9,87,412,356,0.7071942687034607
2025-12-15 18:48:03,399,209,117,172,89,246,146,0.6309821009635925
2025-12-15 18:48:03,399,333,153,308,118,359,188,0.5532844066619873
2025-12-15 18:48:03,399,198,175,145,137,251,214,0.534194827079773
2025-12-15 18:48:03,400,221,221,34,89,408,354,0.6162187457084656
2025-12-15 18:48:03,400,332,155,308,120,357,190,0.5705699324607849
2025-12-15 18:48:03,400,207,121,173,91,242,152,0.5577592849731445
2025-12-15 18:48:03,401,209,122,174,96,244,149,0.6219947338104248
2025-12-15 18:48:03,401,273,135,242,100,304,170,0.5794758200645447
2025-12-15 18:48:03,401,215,223,29,95,401,352,0.5698407292366028
2025-12-15 18:48:03,401,331,158,305,124,357,193,0.5585745573043823
2025-12-15 18:48:03,401,374,226,344,188,405,264,0.5336334109306335
2025-12-15 18:48:03,402,270,136,241,102,300,170,0.6836327910423279
2025-12-15 18:48:03,402,207,126,174,99,241,154,0.6030587553977966
2025-12-15 18:48:03,403,206,131,172,100,240,163,0.6041222810745239
2025-12-15 18:48:03,403,269,137,241,105,297,170,0.5935802459716797
2025-12-15 18:48:03,404,201,130,169,102,233,158,0.6713173389434814
2025-12-15 18:48:03,404,262,138,232,107,292,170,0.5436886548995972
2025-12-15 18:48:03,405,251,138,220,105,283,171,0.6621082425117493
2025-12-15 18:48:03,405,196,128,165,101,227,155,0.6397324800491333
2025-12-15 18:48:03,406,187,126,157,100,217,152,0.682000458240509
2025-12-15 18:48:03,406,246,130,217,103,275,158,0.6552587151527405
2025-12-15 18:48:04,407,233,129,202,101,265,157,0.7044013142585754
2025-12-15 18:48:04,407,178,123,149,99,208,148,0.6945697665214539
2025-12-15 18:48:04,408,170,122,140,98,200,147,0.6867033839225769
2025-12-15 18:48:04,408,224,129,193,100,255,159,0.5116997361183167
2025-12-15 18:48:04,409,160,121,131,99,190,144,0.6764425039291382
2025-12-15 18:48:04,409,214,128,183,101,246,156,0.6481641530990601
2025-12-15 18:48:04,410,207,133,174,102,240,164,0.5601876378059387
2025-12-15 18:48:04,411,204,137,171,105,237,170,0.710112452507019
2025-12-15 18:48:04,412,204,140,171,110,237,171,0.611675500869751
2025-12-15 18:48:06,429,206,153,178,128,234,179,0.5061829090118408
2025-12-15 18:48:07,434,206,245,179,210,234,280,0.5582928657531738
2025-12-15 18:48:07,437,208,265,181,231,236,299,0.5381187796592712
2025-12-15 18:48:07,438,209,266,181,231,237,301,0.5103898048400879
2025-12-15 18:48:08,449,210,227,180,195,240,260,0.5320453643798828
2025-12-15 18:48:09,460,194,228,165,198,224,259,0.5260946154594421
2025-12-15 18:48:10,461,193,228,164,196,223,261,0.5647338628768921
2025-12-15 18:48:10,463,186,225,156,192,217,259,0.5702473521232605
2025-12-15 18:48:11,474,178,210,149,180,208,241,0.5375063419342041
2025-12-15 18:48:11,475,175,214,146,179,204,249,0.526611864566803
2025-12-15 18:48:11,476,171,214,142,179,201,249,0.6000196933746338
2025-12-15 18:48:11,477,170,214,141,179,200,249,0.6368435621261597
2025-12-15 18:48:11,478,171,213,142,178,200,248,0.593339741230011
2025-12-15 18:48:12,479,169,206,139,173,199,240,0.6298524141311646
2025-12-15 18:48:12,480,166,200,138,168,195,233,0.6513333916664124
2025-12-15 18:48:12,481,166,198,138,166,194,231,0.654390811920166
2025-12-15 18:48:12,482,168,198,139,166,198,231,0.6076055765151978
2025-12-15 18:48:12,483,169,201,141,166,198,236,0.6776374578475952
2025-12-15 18:48:12,484,170,199,142,165,199,234,0.6900081038475037
2025-12-15 18:48:12,485,171,199,143,164,199,235,0.7016021609306335
2025-12-15 18:48:12,486,171,199,143,164,200,235,0.6513168215751648
2025-12-15 18:48:12,487,171,199,143,163,199,235,0.6697721481323242
2025-12-15 18:48:13,488,171,198,142,162,201,235,0.5929580926895142
2025-12-15 18:48:13,489,170,195,142,161,199,230,0.6013487577438354
2025-12-15 18:48:13,490,170,193,142,159,199,227,0.6465973258018494
2025-12-15 18:48:13,491,170,192,141,158,199,227,0.561468243598938
2025-12-15 18:48:13,492,170,192,141,156,199,228,0.5711777806282043
2025-12-15 18:48:13,493,170,188,142,154,198,223,0.6289214491844177
2025-12-15 18:48:13,494,171,188,143,153,199,223,0.5738540887832642
2025-12-15 18:48:13,495,172,188,144,153,200,224,0.6306479573249817
2025-12-15 18:48:13,496,174,187,148,154,201,220,0.6688809394836426
2025-12-15 18:48:14,500,199,196,170,165,229,228,0.5767598748207092
2025-12-15 18:48:15,506,194,200,166,172,223,229,0.5536267757415771
2025-12-15 18:48:15,507,188,205,158,170,218,240,0.6030241250991821
2025-12-15 18:48:15,508,184,198,155,165,214,231,0.6900467872619629
2025-12-15 18:48:15,509,186,196,157,163,216,230,0.6290651559829712
2025-12-15 18:48:15,510,194,188,165,155,223,221,0.5237830877304077
2025-12-15 18:48:15,511,201,181,169,145,233,217,0.5524937510490417
2025-12-15 18:48:15,512,203,167,172,133,235,201,0.5998571515083313
2025-12-15 18:48:15,513,205,154,174,120,236,189,0.6399749517440796
2025-12-15 18:48:15,514,203,144,173,109,233,180,0.5320636630058289
2025-12-15 18:48:15,514,267,155,240,122,294,189,0.51897132396698
2025-12-15 18:48:16,515,206,141,176,104,236,179,0.654050886631012
2025-12-15 18:48:16,515,268,152,241,118,295,186,0.5873569846153259
2025-12-15 18:48:16,515,193,244,33,100,353,388,0.5577244162559509
2025-12-15 18:48:16,516,207,138,174,100,240,177,0.7528690099716187
2025-12-15 18:48:16,516,270,150,242,116,299,184,0.6426308155059814
2025-12-15 18:48:16,516,190,242,24,96,357,389,0.6311662793159485
2025-12-15 18:48:16,517,216,135,186,98,246,173,0.6139975190162659
2025-12-15 18:48:16,517,276,150,247,114,305,186,0.6029910445213318
2025-12-15 18:48:16,517,197,242,33,96,361,389,0.5561185479164124
2025-12-15 18:48:16,518,221,132,191,96,251,169,0.7436071634292603
2025-12-15 18:48:16,518,162,138,125,102,200,174,0.7303358316421509
2025-12-15 18:48:16,518,281,151,252,114,311,188,0.6974155902862549
2025-12-15 18:48:16,518,194,244,27,98,362,391,0.6301197409629822
2025-12-15 18:48:16,518,340,223,307,179,374,267,0.5163189768791199
2025-12-15 18:48:16,519,163,136,126,102,200,170,0.7384288907051086
2025-12-15 18:48:16,519,225,133,194,97,256,170,0.6789150834083557
2025-12-15 18:48:16,519,284,152,254,115,315,190,0.6693498492240906
2025-12-15 18:48:16,519,161,205,107,169,215,241,0.607697069644928
2025-12-15 18:48:16,519,196,245,23,97,370,393,0.5977964997291565
2025-12-15 18:48:16,519,343,225,309,180,378,271,0.5276669859886169
2025-12-15 18:48:16,520,223,117,192,93,254,141,0.7682977914810181
2025-12-15 18:48:16,520,166,201,132,170,200,232,0.7055924534797668
2025-12-15 18:48:16,520,200,247,28,97,372,397,0.7028689384460449
2025-12-15 18:48:16,520,283,151,252,112,314,191,0.6954495906829834
2025-12-15 18:48:16,520,339,227,300,180,379,274,0.6586031913757324
2025-12-15 18:48:16,520,169,280,127,222,211,339,0.5078340172767639
2025-12-15 18:48:16,521,219,115,188,92,251,139,0.8167340755462646
2025-12-15 18:48:16,521,283,152,253,113,313,191,0.7466045022010803
2025-12-15 18:48:16,521,170,283,127,225,214,342,0.7242270112037659
2025-12-15 18:48:16,521,162,204,127,170,197,239,0.7213011980056763
2025-12-15 18:48:16,521,342,228,307,181,378,276,0.7193021774291992
2025-12-15 18:48:16,521,187,249,3,93,371,405,0.7034372091293335
2025-12-15 18:48:16,522,283,154,253,116,314,193,0.7965879440307617
2025-12-15 18:48:16,522,219,118,187,95,251,141,0.7665208578109741
2025-12-15 18:48:16,522,170,287,127,228,213,346,0.7223337888717651
2025-12-15 18:48:16,522,341,231,305,183,378,280,0.7185088396072388
2025-12-15 18:48:16,522,161,208,127,174,195,242,0.7082095742225647
2025-12-15 18:48:16,522,186,255,0,96,373,415,0.549879252910614
2025-12-15 18:48:16,523,285,155,255,116,315,194,0.761604368686676
2025-12-15 18:48:16,523,220,121,189,96,252,147,0.7603926062583923
2025-12-15 18:48:16,523,187,255,0,99,375,412,0.75493323802948
2025-12-15 18:48:16,523,174,287,128,228,220,346,0.7327190041542053
2025-12-15 18:48:16,523,343,232,306,184,380,280,0.6649967432022095
2025-12-15 18:48:17,524,220,118,188,94,253,142,0.7841107249259949
2025-12-15 18:48:17,524,163,204,129,171,198,237,0.7453332543373108
2025-12-15 18:48:17,524,187,249,0,95,374,403,0.7313894033432007
2025-12-15 18:48:17,524,285,153,255,114,315,193,0.6962329149246216
2025-12-15 18:48:17,524,174,284,129,226,219,343,0.6636209487915039
2025-12-15 18:48:17,524,343,229,305,182,381,276,0.6554372906684875
2025-12-15 18:48:17,525,218,114,186,90,251,139,0.8013445138931274
2025-12-15 18:48:17,525,172,282,127,223,217,341,0.7373008728027344
2025-12-15 18:48:17,525,284,149,254,108,314,191,0.7036027312278748
2025-12-15 18:48:17,525,341,224,303,177,379,272,0.6804744005203247
2025-12-15 18:48:17,525,199,251,27,97,372,405,0.6522190570831299
2025-12-15 18:48:17,526,217,113,185,90,250,136,0.8300691843032837
2025-12-15 18:48:17,526,282,148,252,108,313,188,0.7750086188316345
2025-12-15 18:48:17,526,163,201,127,168,199,235,0.7142343521118164
2025-12-15 18:48:17,526,168,283,123,224,213,342,0.6981905698776245
2025-12-15 18:48:17,526,341,225,304,177,378,273,0.6840822696685791
2025-12-15 18:48:17,526,226,157,184,119,269,196,0.5963526964187622
2025-12-15 18:48:17,526,186,247,0,90,373,405,0.5504301190376282
2025-12-15 18:48:17,527,219,118,186,92,252,144,0.7931520938873291
2025-12-15 18:48:17,527,188,257,0,93,376,421,0.7419291138648987
2025-12-15 18:48:17,527,161,205,126,170,196,240,0.7103855609893799
2025-12-15 18:48:17,527,171,284,129,225,213,344,0.696514368057251
2025-12-15 18:48:17,527,283,152,252,112,314,192,0.6920167207717896
2025-12-15 18:48:17,527,342,228,304,180,380,276,0.6509237885475159
2025-12-15 18:48:17,528,219,115,187,92,252,138,0.8237872123718262
2025-12-15 18:48:17,528,171,285,127,226,216,344,0.7073778510093689
2025-12-15 18:48:17,528,283,152,252,113,314,192,0.7017474174499512
2025-12-15 18:48:17,528,343,228,305,180,381,277,0.6561398506164551
2025-12-15 18:48:17,528,187,253,0,94,374,413,0.6428865194320679
2025-12-15 18:48:17,529,219,114,187,90,251,138,0.8177333474159241
2025-12-15 18:48:17,529,160,202,123,168,197,237,0.7422734498977661
2025-12-15 18:48:17,529,187,246,0,91,375,402,0.7396935820579529
2025-12-15 18:48:17,529,341,225,302,178,381,273,0.692988932132721
2025-12-15 18:48:17,529,283,152,252,110,314,194,0.668337345123291
2025-12-15 18:48:17,529,170,282,127,223,213,342,0.6532140970230103
2025-12-15 18:48:17,530,223,125,191,92,255,159,0.7528584599494934
2025-12-15 18:48:17,530,185,246,0,92,370,400,0.7448036074638367
2025-12-15 18:48:17,530,282,152,248,113,317,191,0.6743784546852112
2025-12-15 18:48:17,530,345,228,308,181,382,275,0.6725475788116455
2025-12-15 18:48:17,530,165,203,131,170,199,236,0.6718037724494934
2025-12-15 18:48:17,530,183,236,40,90,326,383,0.5118271708488464
2025-12-15 18:48:17,531,170,205,134,173,207,238,0.7552293539047241
2025-12-15 18:48:17,531,207,247,35,97,379,398,0.753185510635376
2025-12-15 18:48:17,531,163,139,127,103,200,175,0.7499280571937561
2025-12-15 18:48:17,531,228,128,196,98,260,158,0.712821900844574
2025-12-15 18:48:17,531,289,155,258,117,321,193,0.6527194380760193
2025-12-15 18:48:17,531,348,231,310,184,386,279,0.626218318939209
2025-12-15 18:48:17,531,184,285,136,228,233,343,0.6183727979660034
2025-12-15 18:48:17,532,172,145,135,108,210,182,0.8019570708274841
2025-12-15 18:48:17,532,193,254,0,88,386,421,0.790270984172821
2025-12-15 18:48:17,532,235,126,205,103,266,150,0.6839452981948853
2025-12-15 18:48:17,532,297,159,269,122,326,197,0.6837483048439026
2025-12-15 18:48:17,532,165,208,112,170,218,246,0.6133750081062317
2025-12-15 18:48:17,532,354,234,318,188,390,280,0.56779944896698
2025-12-15 18:48:17,532,206,243,49,100,364,387,0.5416683554649353
2025-12-15 18:48:18,533,179,147,140,112,219,182,0.7449738383293152
2025-12-15 18:48:18,533,194,243,0,88,389,399,0.7316573858261108
2025-12-15 18:48:18,533,242,132,211,106,273,159,0.6242116689682007
2025-12-15 18:48:18,533,208,242,62,100,355,384,0.5604096055030823
2025-12-15 18:48:18,533,301,162,271,126,331,198,0.5106310844421387
2025-12-15 18:48:18,534,195,247,0,98,390,397,0.7521156668663025
2025-12-15 18:48:18,534,181,148,144,115,218,181,0.717934250831604
2025-12-15 18:48:18,534,243,142,213,111,274,173,0.5634844899177551
2025-12-15 18:48:18,534,210,243,67,104,354,382,0.5392127633094788
2025-12-15 18:48:18,534,302,167,272,131,332,203,0.5341392755508423
2025-12-15 18:48:18,535,195,253,2,108,389,399,0.7465133666992188
2025-12-15 18:48:18,535,185,152,148,118,223,187,0.6776302456855774
2025-12-15 18:48:18,535,246,148,215,115,277,182,0.6759007573127747
2025-12-15 18:48:18,535,305,169,276,134,335,204,0.5195644497871399
2025-12-15 18:48:18,536,195,256,0,115,391,397,0.7125276923179626
2025-12-15 18:48:18,536,183,150,150,121,217,180,0.6599493026733398
2025-12-15 18:48:18,536,247,150,215,117,279,184,0.5891857147216797
2025-12-15 18:48:18,537,198,256,5,117,391,396,0.6594589352607727
2025-12-15 18:48:18,537,249,153,218,117,280,189,0.6065807938575745
2025-12-15 18:48:18,537,186,154,152,121,220,187,0.5790598392486572
2025-12-15 18:48:18,538,214,254,38,116,390,393,0.5466814637184143
2025-12-15 18:48:18,538,187,154,154,120,220,189,0.5098124742507935
2025-12-15 18:48:18,539,221,254,54,114,389,394,0.587664783000946
2025-12-15 18:48:18,539,250,155,221,118,280,192,0.5717000961303711
2025-12-15 18:48:18,539,190,156,155,121,225,191,0.5276572704315186
2025-12-15 18:48:18,540,215,254,42,116,389,392,0.5695937275886536
2025-12-15 18:48:18,540,188,151,157,122,220,180,0.5096110701560974
2025-12-15 18:48:18,541,188,151,157,123,220,179,0.5495398640632629
2025-12-15 18:48:18,541,210,254,32,117,389,392,0.503991961479187
2025-12-15 18:48:18,542,221,254,53,115,389,394,0.6890285015106201
2025-12-15 18:48:18,542,249,153,219,118,280,189,0.5996928811073303
2025-12-15 18:48:18,542,188,156,154,122,223,191,0.5823315978050232
2025-12-15 18:48:19,543,248,150,218,116,278,185,0.6229671835899353
2025-12-15 18:48:19,543,197,254,5,113,389,396,0.6078203916549683
2025-12-15 18:48:19,543,187,154,150,120,224,189,0.5307090282440186
2025-12-15 18:48:19,544,194,254,0,113,388,395,0.7863067388534546
2025-12-15 18:48:19,544,183,153,147,118,219,188,0.6311653852462769
2025-12-15 18:48:19,544,216,246,70,111,362,381,0.5709362626075745
2025-12-15 18:48:19,544,243,150,213,115,274,185,0.547263503074646
2025-12-15 18:48:19,544,218,199,56,1,380,398,0.5429120659828186
2025-12-15 18:48:19,545,194,254,0,107,388,402,0.6562158465385437
2025-12-15 18:48:19,545,206,265,53,114,360,416,0.6195777654647827
2025-12-15 18:48:19,545,177,151,142,119,212,184,0.6126030087471008
2025-12-15 18:48:19,545,241,138,210,116,272,160,0.605607807636261
2025-12-15 18:48:19,545,171,216,117,177,225,255,0.5187602639198303
2025-12-15 18:48:19,546,237,137,207,116,267,158,0.7515864968299866
2025-12-15 18:48:19,546,174,153,138,120,211,187,0.6793805360794067
2025-12-15 18:48:19,546,191,259,0,111,383,408,0.6248747110366821
2025-12-15 18:48:19,546,297,172,267,135,327,209,0.6052137017250061
2025-12-15 18:48:19,547,171,155,134,119,208,191,0.7478753328323364
2025-12-15 18:48:19,547,233,151,203,115,264,187,0.7127394080162048
2025-12-15 18:48:19,547,290,174,255,134,325,214,0.6555692553520203
2025-12-15 18:48:19,547,166,220,116,186,217,254,0.6258754134178162
2025-12-15 18:48:19,547,214,270,42,112,386,428,0.5951472520828247
2025-12-15 18:48:19,548,166,149,131,118,202,180,0.7755874991416931
2025-12-15 18:48:19,548,231,147,200,114,263,180,0.7196522355079651
2025-12-15 18:48:19,548,289,171,254,133,324,210,0.6801880598068237
2025-12-15 18:48:19,548,176,220,140,187,212,254,0.6612297296524048
2025-12-15 18:48:19,548,207,286,37,113,377,459,0.6008036732673645
2025-12-15 18:48:19,549,164,150,128,117,201,183,0.7899260520935059
2025-12-15 18:48:19,549,230,147,198,113,262,181,0.7397271394729614
2025-12-15 18:48:19,549,287,171,251,132,324,210,0.7271064519882202
2025-12-15 18:48:19,549,173,218,138,187,209,249,0.6414734721183777
2025-12-15 18:48:19,549,206,265,32,106,381,425,0.5352436304092407
2025-12-15 18:48:19,550,164,148,127,117,201,180,0.7822228670120239
2025-12-15 18:48:19,550,287,170,251,132,324,209,0.7710102200508118
2025-12-15 18:48:19,550,230,148,198,112,262,185,0.7265936732292175
2025-12-15 18:48:19,550,173,219,139,186,208,252,0.586588442325592
2025-12-15 18:48:19,550,204,265,29,107,379,424,0.5640642642974854
2025-12-15 18:48:19,551,163,147,126,116,200,179,0.7862247824668884
2025-12-15 18:48:19,551,287,170,251,132,324,209,0.7227013111114502
2025-12-15 18:48:19,551,228,143,196,112,261,175,0.6961392164230347
2025-12-15 18:48:19,551,173,218,139,187,208,250,0.6517090797424316
2025-12-15 18:48:19,551,205,258,33,104,377,412,0.5980177521705627
2025-12-15 18:48:19,551,174,298,128,240,220,357,0.5463985204696655
2025-12-15 18:48:20,552,164,153,126,117,203,190,0.7923438549041748
2025-12-15 18:48:20,552,229,148,198,112,261,184,0.733458399772644
2025-12-15 18:48:20,552,288,171,252,132,324,210,0.719831109046936
2025-12-15 18:48:20,552,207,262,34,106,380,419,0.6438348293304443
2025-12-15 18:48:20,552,172,222,131,188,213,256,0.6312727332115173
2025-12-15 18:48:20,552,175,298,129,240,222,357,0.504935622215271
2025-12-15 18:48:20,553,164,152,126,117,202,187,0.7839429378509521
2025-12-15 18:48:20,553,229,144,198,112,261,177,0.7472935318946838
2025-12-15 18:48:20,553,288,171,252,132,324,210,0.717979371547699
2025-12-15 18:48:20,553,170,220,131,187,209,253,0.6309079527854919
2025-12-15 18:48:20,553,196,269,14,106,378,433,0.6207660436630249
2025-12-15 18:48:20,553,351,248,313,200,390,297,0.5303394198417664
2025-12-15 18:48:20,554,162,150,126,117,199,183,0.7449734210968018
2025-12-15 18:48:20,554,288,171,250,132,326,210,0.7442370057106018
2025-12-15 18:48:20,554,229,146,196,112,262,180,0.697843611240387
2025-12-15 18:48:20,554,195,269,8,107,382,432,0.6616630554199219
2025-12-15 18:48:20,554,169,223,132,189,206,258,0.5602566003799438
2025-12-15 18:48:20,554,352,249,314,201,390,297,0.5376882553100586
2025-12-15 18:48:20,555,161,148,125,116,198,181,0.7390031218528748
2025-12-15 18:48:20,555,290,171,254,132,326,211,0.7236932516098022
2025-12-15 18:48:20,555,229,138,196,111,262,166,0.7004398703575134
2025-12-15 18:48:20,555,193,270,0,109,387,432,0.6297445893287659
2025-12-15 18:48:20,555,227,153,193,111,261,196,0.5670024752616882
2025-12-15 18:48:20,555,166,222,124,189,209,255,0.553479015827179
2025-12-15 18:48:20,555,352,249,314,201,391,297,0.541776716709137
2025-12-15 18:48:20,556,288,171,251,132,326,211,0.7580762505531311
2025-12-15 18:48:20,556,228,143,195,111,262,176,0.67789226770401
2025-12-15 18:48:20,556,193,267,0,105,387,430,0.5558466911315918
2025-12-15 18:48:20,556,352,250,314,202,391,299,0.5549253821372986
2025-12-15 18:48:20,556,167,222,129,189,205,256,0.5504814386367798
2025-12-15 18:48:20,557,229,144,196,114,262,175,0.7169597148895264
2025-12-15 18:48:20,557,161,151,124,118,199,185,0.7141491770744324
2025-12-15 18:48:20,557,289,176,252,134,326,219,0.621583104133606
2025-12-15 18:48:20,557,193,274,0,114,386,434,0.6037553548812866
2025-12-15 18:48:20,557,228,156,194,114,263,199,0.5152913331985474
2025-12-15 18:48:20,557,353,254,314,205,393,303,0.509527862071991
2025-12-15 18:48:20,558,230,146,196,116,264,176,0.7857235670089722
2025-12-15 18:48:20,558,288,177,249,136,327,218,0.7500098943710327
2025-12-15 18:48:20,558,202,256,16,73,388,439,0.6827690601348877
2025-12-15 18:48:20,558,162,155,124,120,201,191,0.6625019311904907
2025-12-15 18:48:20,558,174,308,127,246,221,371,0.5021761655807495
2025-12-15 18:48:20,559,230,147,197,118,264,177,0.8186606764793396
2025-12-15 18:48:20,559,163,158,125,123,201,194,0.7380487322807312
2025-12-15 18:48:20,559,290,180,252,139,328,221,0.7147427201271057
2025-12-15 18:48:20,559,194,277,0,120,389,435,0.7072880268096924
2025-12-15 18:48:20,559,171,229,134,197,209,262,0.6075487732887268
2025-12-15 18:48:20,559,177,313,132,252,222,374,0.5726187229156494
2025-12-15 18:48:20,559,356,260,318,210,395,310,0.5444319248199463
2025-12-15 18:48:20,560,230,147,197,118,264,177,0.8186606764793396
2025-12-15 18:48:20,560,163,158,125,123,201,194,0.7380487322807312
2025-12-15 18:48:20,560,290,180,252,139,328,221,0.7147427201271057
2025-12-15 18:48:20,560,194,277,0,120,389,435,0.7072880268096924
2025-12-15 18:48:20,560,171,229,134,197,209,262,0.6075487732887268
2025-12-15 18:48:20,560,177,313,132,252,222,374,0.5726187229156494
2025-12-15 18:48:20,560,356,260,318,210,395,310,0.5444319248199463
2025-12-15 18:48:21,561,164,164,127,130,202,199,0.7874611616134644
2025-12-15 18:48:21,561,231,155,200,123,263,188,0.7717773914337158
2025-12-15 18:48:21,561,289,184,251,145,327,224,0.7576160430908203
2025-12-15 18:48:21,561,212,278,35,124,390,432,0.6942635178565979
2025-12-15 18:48:21,561,168,230,129,198,208,262,0.5792689323425293
2025-12-15 18:48:21,561,175,313,133,253,217,373,0.5225658416748047
2025-12-15 18:48:21,561,354,261,317,214,392,309,0.5075981020927429
2025-12-15 18:48:21,562,163,165,126,132,200,198,0.7772648334503174
2025-12-15 18:48:21,562,344,256,309,212,379,301,0.7157891392707825
2025-12-15 18:48:21,562,284,183,251,146,317,221,0.6817630529403687
2025-12-15 18:48:21,562,226,160,196,126,257,195,0.6747162342071533
2025-12-15 18:48:21,562,202,276,35,126,369,426,0.6469492316246033
2025-12-15 18:48:21,562,174,237,140,202,208,272,0.534755289554596
2025-12-15 18:48:21,562,177,311,137,254,218,368,0.5307348370552063
2025-12-15 18:48:21,563,200,270,37,128,363,413,0.6776930689811707
2025-12-15 18:48:21,563,174,309,129,254,219,364,0.6662825345993042
2025-12-15 18:48:21,563,165,237,126,204,204,270,0.5957943797111511
2025-12-15 18:48:21,564,162,261,23,124,302,399,0.5025278925895691
2025-12-15 18:48:30,646,162,307,88,212,237,402,0.9464619755744934
2025-12-15 18:48:30,647,162,307,88,212,237,402,0.9464619755744934
2025-12-15 18:48:30,648,167,307,92,210,242,405,0.9546658992767334
2025-12-15 18:48:30,649,170,309,94,211,246,408,0.9503800272941589
2025-12-15 18:48:30,650,173,312,96,214,250,411,0.9512563943862915
2025-12-15 18:48:30,651,174,315,97,216,251,414,0.9321548938751221
2025-12-15 18:48:31,652,174,316,97,217,251,415,0.9270710349082947
2025-12-15 18:48:31,653,176,316,99,218,253,415,0.9251880645751953
2025-12-15 18:48:31,654,177,314,100,217,254,411,0.9190213084220886
2025-12-15 18:48:31,655,177,312,100,216,255,409,0.9236756563186646
2025-12-15 18:48:31,656,178,312,101,215,255,409,0.9239543080329895
2025-12-15 18:48:31,657,177,311,100,215,254,407,0.9235813617706299
2025-12-15 18:48:31,658,176,310,99,214,253,406,0.9345266222953796
2025-12-15 18:48:31,659,173,310,97,212,250,408,0.9478442072868347
2025-12-15 18:48:31,660,173,310,97,212,250,408,0.9528602361679077
2025-12-15 18:48:32,661,170,306,94,210,247,403,0.9509574770927429
2025-12-15 18:48:32,662,169,303,93,207,245,399,0.9472891092300415
2025-12-15 18:48:32,663,166,299,92,205,241,394,0.9350475668907166
2025-12-15 18:48:32,664,164,297,90,204,238,391,0.9210936427116394
2025-12-15 18:48:32,665,163,297,89,204,237,391,0.9265803694725037
2025-12-15 18:48:32,666,161,298,88,204,235,392,0.9255316853523254
2025-12-15 18:48:32,667,160,295,88,204,233,386,0.9307474493980408
2025-12-15 18:48:34,685,161,278,88,187,235,370,0.9439577460289001
2025-12-15 18:48:34,686,167,285,94,192,241,379,0.9293113946914673
2025-12-15 18:48:34,687,168,288,94,193,242,383,0.9180386066436768
2025-12-15 18:48:35,688,169,291,94,196,245,386,0.9161999821662903
2025-12-15 18:48:35,689,169,291,94,196,245,386,0.9161999821662903
2025-12-15 18:48:35,690,170,293,94,197,246,390,0.9142858386039734
2025-12-15 18:48:35,691,171,293,95,197,247,390,0.916012704372406
2025-12-15 18:48:35,692,173,291,96,193,250,390,0.9153954386711121
2025-12-15 18:48:35,693,174,291,97,192,252,390,0.9125978946685791
2025-12-15 18:48:35,694,176,291,98,192,255,390,0.910607099533081
2025-12-15 18:48:35,695,177,291,99,191,255,391,0.9136046171188354
2025-12-15 18:48:35,696,177,288,98,189,256,387,0.920747697353363
2025-12-15 18:48:36,697,177,285,98,185,256,385,0.9323682188987732
2025-12-15 18:48:36,698,178,284,98,183,258,385,0.9418484568595886
2025-12-15 18:48:36,699,179,285,100,184,259,387,0.9307096600532532
2025-12-15 18:48:36,700,181,288,100,186,262,390,0.9298508167266846
2025-12-15 18:48:36,701,179,289,99,187,260,391,0.9266120791435242
2025-12-15 18:48:36,702,177,287,97,185,257,389,0.9272690415382385
2025-12-15 18:48:36,703,177,287,97,185,257,389,0.9272690415382385
2025-12-15 18:48:36,704,171,286,93,185,250,388,0.9316338300704956
2025-12-15 18:48:36,705,233,301,115,191,352,412,0.7771596908569336
2025-12-15 18:48:37,706,334,325,279,222,389,429,0.8003235459327698
2025-12-15 18:48:38,717,222,258,166,169,279,348,0.5490810871124268
2025-12-15 18:48:38,718,180,254,112,158,249,350,0.8708154559135437
2025-12-15 18:48:38,719,164,251,91,157,237,346,0.9320195913314819
2025-12-15 18:48:38,720,160,249,86,154,235,344,0.9520525336265564
2025-12-15 18:48:38,721,160,249,86,154,235,344,0.9520857930183411
2025-12-15 18:48:41,744,185,183,155,155,215,212,0.6607243418693542
2025-12-15 18:48:41,745,185,183,155,155,215,212,0.6607243418693542
2025-12-15 18:48:41,746,168,186,133,154,203,218,0.6158689260482788
2025-12-15 18:48:41,747,162,189,125,154,200,225,0.5602114796638489
2025-12-15 18:48:41,748,161,189,124,154,199,225,0.7152379751205444
2025-12-15 18:48:41,749,161,192,123,155,199,230,0.7419493198394775
2025-12-15 18:48:41,750,160,190,123,155,198,225,0.7003698348999023
2025-12-15 18:48:41,751,160,192,123,155,198,230,0.7417007088661194
2025-12-15 18:48:42,752,160,191,123,155,198,227,0.7392078042030334
2025-12-15 18:48:42,753,162,193,124,157,200,230,0.6866539120674133
2025-12-15 18:48:42,754,162,193,124,157,200,229,0.7009159326553345
2025-12-15 18:48:42,755,161,193,124,158,199,228,0.6479774117469788
2025-12-15 18:48:42,756,160,193,123,159,197,227,0.5376527309417725
2025-12-15 18:48:46,791,167,216,130,185,205,247,0.5439265966415405
2025-12-15 18:48:46,792,172,208,139,186,206,231,0.6074602007865906
2025-12-15 18:48:46,794,169,214,132,185,207,244,0.5015547275543213
2025-12-15 18:48:46,795,171,213,135,186,208,241,0.5621949434280396
2025-12-15 18:48:47,799,175,214,141,188,210,241,0.5140795707702637
2025-12-15 18:48:47,802,179,214,145,190,213,239,0.5229877829551697
2025-12-15 18:48:47,803,172,221,131,192,213,250,0.5838658213615417
2025-12-15 18:48:47,805,173,217,136,192,210,243,0.5506776571273804
2025-12-15 18:48:47,806,170,219,132,191,208,248,0.5869191288948059
2025-12-15 18:48:48,807,163,217,121,184,205,251,0.755662739276886
2025-12-15 18:48:48,808,160,206,118,175,203,238,0.6123092174530029
2025-12-15 18:48:48,809,161,193,126,168,197,218,0.7115222215652466
2025-12-15 18:48:48,809,280,431,253,385,308,478,0.5058379173278809
2025-12-15 18:48:48,811,182,422,84,365,281,479,0.5456370711326599
2025-12-15 18:48:48,813,169,423,77,368,261,479,0.5293095111846924
2025-12-15 18:48:49,822,160,187,124,158,196,217,0.6761299967765808
2025-12-15 18:48:49,824,162,193,121,162,203,224,0.7200942635536194
2025-12-15 18:48:50,825,163,201,121,162,205,241,0.7611989974975586
2025-12-15 18:48:50,826,167,196,123,163,211,229,0.694304347038269
2025-12-15 18:48:50,827,179,190,141,162,218,219,0.5496053099632263
2025-12-15 18:48:50,829,217,188,180,159,255,217,0.5135157108306885
2025-12-15 18:48:50,832,445,346,407,294,483,399,0.6338236927986145
2025-12-15 18:48:50,832,331,434,250,389,412,480,0.5175020694732666
2025-12-15 18:48:50,832,416,430,369,381,464,480,0.5139678120613098
2025-12-15 18:48:50,833,475,363,428,306,523,420,0.8727149963378906
2025-12-15 18:48:50,833,314,227,267,191,361,263,0.710451066493988
2025-12-15 18:48:50,833,386,441,290,403,482,480,0.6393101215362549
2025-12-15 18:48:50,833,234,236,190,192,279,280,0.6376991271972656
2025-12-15 18:48:50,833,313,242,265,191,362,293,0.6201120615005493
2025-12-15 18:48:50,833,479,448,455,417,503,479,0.589977502822876
2025-12-15 18:48:50,833,404,265,367,220,441,311,0.5176898241043091
2025-12-15 18:48:50,833,365,358,310,300,420,416,0.508348822593689
2025-12-15 18:48:51,834,239,234,195,195,283,274,0.7495114207267761
2025-12-15 18:48:51,834,165,375,103,310,227,440,0.7366175055503845
2025-12-15 18:48:51,834,387,441,295,402,480,480,0.7277939319610596
2025-12-15 18:48:51,834,319,231,271,194,368,269,0.7129016518592834
2025-12-15 18:48:51,834,409,268,371,223,448,314,0.6380388736724854
2025-12-15 18:48:51,835,478,355,434,305,522,406,0.8135537505149841
2025-12-15 18:48:51,835,385,438,291,397,480,480,0.7316269874572754
2025-12-15 18:48:51,835,316,232,268,192,364,273,0.729936957359314
2025-12-15 18:48:51,835,237,232,193,194,281,271,0.7133798599243164
2025-12-15 18:48:51,835,404,264,367,221,442,308,0.6756367087364197
2025-12-15 18:48:51,835,165,370,111,306,219,435,0.6125857830047607
2025-12-15 18:48:51,835,275,411,225,344,326,478,0.5537163019180298
2025-12-15 18:48:51,835,374,347,311,293,438,402,0.5078442692756653
2025-12-15 18:48:51,836,465,345,419,295,511,395,0.8019415140151978
2025-12-15 18:48:51,836,310,221,265,187,355,255,0.7722223997116089
2025-12-15 18:48:51,836,229,232,187,188,271,277,0.6669774055480957
2025-12-15 18:48:51,836,393,256,357,214,430,299,0.6322392821311951
2025-12-15 18:48:51,836,373,436,274,393,473,480,0.6128780245780945
2025-12-15 18:48:51,836,232,330,0,187,464,474,0.5092202425003052
2025-12-15 18:48:51,836,268,401,212,336,325,467,0.5048657655715942
2025-12-15 18:48:51,837,458,339,415,288,502,390,0.8076594471931458
2025-12-15 18:48:51,837,300,219,253,181,347,258,0.6913326382637024
2025-12-15 18:48:51,837,268,329,36,180,500,478,0.677935004234314
2025-12-15 18:48:51,837,222,224,181,183,264,266,0.648099958896637
2025-12-15 18:48:51,837,257,393,200,330,314,457,0.5817976593971252
2025-12-15 18:48:51,838,450,332,407,282,494,382,0.7899821400642395
2025-12-15 18:48:51,838,294,211,249,177,340,246,0.6883321404457092
2025-12-15 18:48:51,838,216,216,176,180,257,253,0.6648299694061279
2025-12-15 18:48:51,838,256,390,208,325,305,455,0.6284046769142151
2025-12-15 18:48:51,838,294,225,248,177,340,274,0.6030001640319824
2025-12-15 18:48:51,838,379,247,344,203,415,291,0.5428863763809204
2025-12-15 18:48:51,839,446,326,402,276,490,376,0.8391109108924866
2025-12-15 18:48:51,839,212,212,172,178,252,247,0.7377310991287231
2025-12-15 18:48:51,839,366,419,265,360,467,479,0.7097560167312622
2025-12-15 18:48:51,839,291,208,246,173,336,243,0.6682750582695007
2025-12-15 18:48:51,839,375,241,340,198,410,285,0.6312525272369385
2025-12-15 18:48:51,839,213,324,14,174,413,475,0.541313886642456
2025-12-15 18:48:51,840,449,315,404,264,494,366,0.8062052726745605
2025-12-15 18:48:51,840,293,200,250,164,337,236,0.7126572132110596
2025-12-15 18:48:51,840,345,415,267,351,424,480,0.6905866265296936
2025-12-15 18:48:51,840,214,204,175,167,253,242,0.6575811505317688
2025-12-15 18:48:51,840,376,232,339,188,413,276,0.6270368695259094
2025-12-15 18:48:51,840,215,321,3,163,427,480,0.6039863228797913
2025-12-15 18:48:51,840,258,375,211,309,306,441,0.5387407541275024
2025-12-15 18:48:51,841,450,309,405,259,495,360,0.8038874864578247
2025-12-15 18:48:51,841,375,411,272,343,479,479,0.7274645566940308
2025-12-15 18:48:51,841,215,199,176,164,254,235,0.7177934050559998
2025-12-15 18:48:51,841,377,223,341,182,414,265,0.7016423344612122
2025-12-15 18:48:51,841,293,197,248,158,338,237,0.6072664856910706
2025-12-15 18:48:51,841,217,313,4,162,430,465,0.5585728287696838
2025-12-15 18:48:51,842,450,303,406,253,495,353,0.7889595627784729
2025-12-15 18:48:51,842,216,196,177,159,256,234,0.7230199575424194
2025-12-15 18:48:51,842,377,220,341,178,414,262,0.6596265435218811
2025-12-15 18:48:51,842,294,201,249,154,340,249,0.6369434595108032
2025-12-15 18:48:51,842,295,187,251,154,340,220,0.5891074538230896
2025-12-15 18:48:52,843,449,294,405,245,493,343,0.758992612361908
2025-12-15 18:48:52,843,295,179,255,148,336,210,0.7238713502883911
2025-12-15 18:48:52,843,215,194,175,154,255,235,0.6554238796234131
2025-12-15 18:48:52,843,374,212,339,170,410,255,0.6207219958305359
2025-12-15 18:48:52,843,194,264,153,224,236,304,0.5609989762306213
2025-12-15 18:48:52,844,447,287,403,237,492,337,0.7919679880142212
2025-12-15 18:48:52,844,245,298,71,132,419,464,0.7206600308418274
2025-12-15 18:48:52,844,373,205,337,163,410,247,0.709774374961853
2025-12-15 18:48:52,844,214,187,174,150,255,224,0.7075062394142151
2025-12-15 18:48:52,844,295,177,256,143,334,211,0.7002725601196289
2025-12-15 18:48:52,844,196,254,157,218,236,290,0.5026212930679321
2025-12-15 18:48:52,845,446,286,401,233,491,339,0.85182785987854
2025-12-15 18:48:52,845,213,186,175,148,252,224,0.7505481243133545
2025-12-15 18:48:52,845,373,203,336,162,410,244,0.7012838125228882
2025-12-15 18:48:52,845,211,304,8,141,415,468,0.5604695081710815
2025-12-15 18:48:52,846,447,283,403,232,491,335,0.807720422744751
2025-12-15 18:48:52,846,215,183,176,149,254,218,0.7574328184127808
2025-12-15 18:48:52,846,372,203,335,162,410,244,0.7455070614814758
2025-12-15 18:48:52,846,245,306,5,141,486,472,0.7083207368850708
2025-12-15 18:48:52,846,238,277,54,94,422,460,0.6773169636726379
2025-12-15 18:48:52,846,295,170,256,141,334,200,0.5736224055290222
2025-12-15 18:48:52,847,446,285,403,234,490,337,0.8376550078392029
2025-12-15 18:48:52,847,218,184,178,150,258,218,0.7654921412467957
2025-12-15 18:48:52,847,373,203,337,163,410,244,0.6662880182266235
2025-12-15 18:48:52,847,239,272,54,85,424,460,0.6214749813079834
2025-12-15 18:48:52,847,237,311,6,143,468,480,0.5959603190422058
2025-12-15 18:48:52,847,296,172,258,143,334,202,0.5895798206329346
2025-12-15 18:48:52,847,250,254,13,40,487,468,0.5430522561073303
2025-12-15 18:48:52,848,444,286,400,235,489,338,0.8236216306686401
2025-12-15 18:48:52,848,217,186,179,151,256,221,0.7734682559967041
2025-12-15 18:48:52,848,373,204,337,164,410,245,0.7274243235588074
2025-12-15 18:48:52,848,231,276,35,91,428,462,0.6649583578109741
2025-12-15 18:48:52,848,242,309,3,145,482,473,0.6195061206817627
2025-12-15 18:48:52,848,295,178,255,144,335,212,0.5547653436660767
2025-12-15 18:48:52,849,438,286,391,234,486,338,0.842045247554779
2025-12-15 18:48:52,849,370,207,334,164,407,250,0.7655394673347473
2025-12-15 18:48:52,849,215,186,177,152,254,220,0.7314448952674866
2025-12-15 18:48:52,849,246,308,7,145,485,471,0.7277544140815735
2025-12-15 18:48:52,849,294,171,256,144,332,199,0.6019704937934875
2025-12-15 18:48:52,849,236,288,62,116,410,461,0.6018409729003906
2025-12-15 18:48:52,850,443,285,400,234,486,337,0.8288071751594543
2025-12-15 18:48:52,850,371,204,334,164,408,245,0.8252518177032471
2025-12-15 18:48:52,850,238,307,5,145,472,469,0.7215161323547363
2025-12-15 18:48:52,850,215,187,177,152,253,222,0.7176604866981506
2025-12-15 18:48:52,850,374,401,276,327,472,475,0.5404675006866455
2025-12-15 18:48:52,850,222,253,164,212,281,295,0.530397891998291
2025-12-15 18:48:52,851,443,287,400,236,487,338,0.8074091672897339
2025-12-15 18:48:52,851,371,207,336,166,407,248,0.7906796336174011
2025-12-15 18:48:52,851,233,289,53,119,413,459,0.7278106212615967
2025-12-15 18:48:52,851,241,306,0,141,483,471,0.7268216013908386
2025-12-15 18:48:52,851,217,189,179,153,256,226,0.6838865280151367
2025-12-15 18:48:52,851,294,178,255,146,334,210,0.5914434194564819
2025-12-15 18:48:53,852,443,289,400,238,486,340,0.8256835341453552
2025-12-15 18:48:53,852,245,287,5,106,485,468,0.730463981628418
2025-12-15 18:48:53,852,218,189,180,154,257,224,0.7069290280342102
2025-12-15 18:48:53,852,370,208,333,168,408,249,0.6816936135292053
2025-12-15 18:48:53,852,228,309,42,147,414,472,0.6685393452644348
2025-12-15 18:48:53,852,295,182,257,148,334,217,0.6465092897415161
2025-12-15 18:48:53,853,439,290,397,242,482,339,0.7708708643913269
2025-12-15 18:48:53,853,220,192,181,158,259,227,0.7416444420814514
2025-12-15 18:48:53,853,247,292,11,117,484,467,0.7372341156005859
2025-12-15 18:48:53,853,370,213,333,172,407,255,0.7321075201034546
2025-12-15 18:48:53,853,297,179,260,152,334,207,0.6783556342124939
2025-12-15 18:48:53,853,251,293,78,128,425,458,0.6687282919883728
2025-12-15 18:48:53,854,434,293,392,244,476,342,0.7782936692237854
2025-12-15 18:48:53,854,242,307,4,146,481,468,0.7501741647720337
2025-12-15 18:48:53,854,218,193,180,160,256,227,0.7246764302253723
2025-12-15 18:48:53,854,294,183,258,154,331,212,0.6976634860038757
2025-12-15 18:48:53,854,367,215,331,175,403,256,0.6885523200035095
2025-12-15 18:48:53,855,431,293,390,246,472,340,0.796042263507843
2025-12-15 18:48:53,855,216,195,179,162,253,229,0.7464728355407715
2025-12-15 18:48:53,855,363,217,329,177,398,258,0.7143874764442444
2025-12-15 18:48:53,855,244,314,6,158,483,470,0.6471948027610779
2025-12-15 18:48:53,855,311,432,267,391,355,473,0.5009849667549133
2025-12-15 18:48:53,856,217,196,178,163,256,229,0.7283192873001099
2025-12-15 18:48:53,856,241,315,5,161,477,470,0.7281911969184875
2025-12-15 18:48:53,856,426,293,385,246,467,340,0.7276918292045593
2025-12-15 18:48:53,856,361,218,328,179,395,257,0.6163211464881897
2025-12-15 18:48:53,857,237,315,4,163,471,468,0.7653608918190002
2025-12-15 18:48:53,857,424,293,386,246,462,341,0.735163688659668
2025-12-15 18:48:53,857,216,198,179,164,254,233,0.7286393642425537
2025-12-15 18:48:53,857,265,300,88,143,442,457,0.6468758583068848
2025-12-15 18:48:53,857,358,218,325,180,392,256,0.6429051160812378
2025-12-15 18:48:53,858,214,198,178,166,251,230,0.721328854560852
2025-12-15 18:48:53,858,355,219,323,182,388,257,0.7053704261779785
2025-12-15 18:48:53,858,417,292,378,248,456,337,0.6962940692901611
2025-12-15 18:48:53,858,232,313,8,164,456,462,0.6905996203422546
2025-12-15 18:48:53,858,285,203,249,162,321,245,0.5424596667289734
2025-12-15 18:48:53,859,254,301,62,147,447,455,0.7969369888305664
2025-12-15 18:48:53,859,210,197,175,167,245,227,0.7379352450370789
2025-12-15 18:48:53,859,278,202,240,164,316,240,0.6703065633773804
2025-12-15 18:48:53,859,412,293,374,250,450,337,0.662801206111908
2025-12-15 18:48:53,859,350,220,319,184,382,257,0.5723223090171814
2025-12-15 18:48:53,859,194,260,158,226,231,294,0.5092456936836243
2025-12-15 18:48:53,860,224,318,7,168,442,468,0.7700071930885315
2025-12-15 18:48:53,860,205,201,172,170,239,232,0.6777888536453247
2025-12-15 18:48:53,860,344,224,312,186,376,262,0.6638401746749878
2025-12-15 18:48:53,860,274,205,236,166,312,245,0.661418616771698
2025-12-15 18:48:53,860,406,296,371,252,442,340,0.6559606790542603
2025-12-15 18:48:54,861,235,317,31,170,439,464,0.7364072203636169
2025-12-15 18:48:54,861,201,203,168,172,235,235,0.6904729604721069
2025-12-15 18:48:54,861,399,297,362,254,436,341,0.6844399571418762
2025-12-15 18:48:54,861,270,207,234,169,307,245,0.6276301145553589
2025-12-15 18:48:54,861,340,226,308,190,372,263,0.5601586103439331
2025-12-15 18:48:54,862,199,206,166,174,233,239,0.6960687637329102
2025-12-15 18:48:54,862,225,319,21,172,429,466,0.6325423121452332
2025-12-15 18:48:54,862,394,299,359,256,430,343,0.5924645662307739
2025-12-15 18:48:54,862,266,207,230,171,303,244,0.5767315030097961
2025-12-15 18:48:54,863,262,205,224,172,300,238,0.6903647184371948
2025-12-15 18:48:54,863,198,206,163,175,233,238,0.6387815475463867
2025-12-15 18:48:54,864,198,209,163,176,233,242,0.6200716495513916
2025-12-15 18:48:54,864,262,206,225,174,300,239,0.5598477721214294
2025-12-15 18:48:54,864,392,301,358,259,427,344,0.5370315909385681
2025-12-15 18:48:54,865,198,210,163,177,234,243,0.6155745387077332
2025-12-15 18:48:54,865,262,205,225,174,299,237,0.5950828790664673
2025-12-15 18:48:54,866,194,206,161,177,228,235,0.5019761919975281
2025-12-15 18:48:54,867,252,208,218,173,287,243,0.6755741238594055
2025-12-15 18:48:54,868,242,207,207,171,278,243,0.5366635918617249
2025-12-15 18:48:54,868,183,210,150,175,217,246,0.5153431296348572
2025-12-15 18:48:54,869,233,204,200,169,266,240,0.5936840176582336
2025-12-15 18:48:54,870,221,202,187,167,255,238,0.7346914410591125
2025-12-15 18:48:54,870,162,194,131,168,193,220,0.6270182132720947
2025-12-15 18:48:55,871,213,198,179,165,247,231,0.6698412895202637
2025-12-15 18:48:55,872,205,201,171,166,239,237,0.6195966601371765
